panel_id,reviewer,verdict
J001,R1,real
J001,R2,uncertain
J001,R3,real
J001,R4,uncertain
J002,R1,real
J002,R2,real
J002,R3,real
J002,R4,uncertain
J003,R1,real
J003,R2,real
J003,R3,real
J003,R4,uncertain
J004,R1,real
J004,R2,real
J004,R3,real
J004,R4,real
J005,R1,real
J005,R2,real
J005,R3,real
J005,R4,real
J006,R1,real
J006,R2,false
J006,R3,false
J006,R4,uncertain
J007,R1,real
J007,R2,real
J007,R3,real
J007,R4,real
J008,R1,real
J008,R2,real
J008,R3,real
J008,R4,real
J009,R1,real
J009,R2,false
J009,R3,false
J009,R4,false
J010,R1,real
J010,R2,uncertain
J010,R3,uncertain
J010,R4,uncertain
J011,R1,real
J011,R2,real
J011,R3,real
J011,R4,real
J012,R1,real
J012,R2,real
J012,R3,real
J012,R4,real
J013,R1,real
J013,R2,real
J013,R3,real
J013,R4,real
J014,R1,real
J014,R2,real
J014,R3,real
J014,R4,real
J015,R1,real
J015,R2,real
J015,R3,real
J015,R4,uncertain
J016,R1,uncertain
J016,R2,uncertain
J016,R3,false
J016,R4,false
J017,R1,uncertain
J017,R2,false
J017,R3,false
J017,R4,false
J018,R1,real
J018,R2,real
J018,R3,real
J018,R4,uncertain
J019,R1,real
J019,R2,real
J019,R3,real
J019,R4,real
J020,R1,uncertain
J020,R2,false
J020,R3,false
J020,R4,false
J021,R1,real
J021,R2,real
J021,R3,uncertain
J021,R4,false
J022,R1,real
J022,R2,real
J022,R3,real
J022,R4,real
J023,R1,real
J023,R2,real
J023,R3,real
J023,R4,uncertain
J024,R1,real
J024,R2,real
J024,R3,real
J024,R4,real
J025,R1,real
J025,R2,real
J025,R3,real
J025,R4,real
J026,R1,real
J026,R2,real
J026,R3,real
J026,R4,uncertain
J027,R1,real
J027,R2,real
J027,R3,real
J027,R4,real
J028,R1,uncertain
J028,R2,false
J028,R3,false
J028,R4,false
J029,R1,real
J029,R2,real
J029,R3,real
J029,R4,uncertain
J030,R1,real
J030,R2,real
J030,R3,real
J030,R4,real
J031,R1,real
J031,R2,real
J031,R3,real
J031,R4,real
J032,R1,real
J032,R2,real
J032,R3,uncertain
J032,R4,real
J033,R1,real
J033,R2,uncertain
J033,R3,false
J033,R4,uncertain
J034,R1,real
J034,R2,real
J034,R3,real
J034,R4,real
J035,R1,real
J035,R2,false
J035,R3,uncertain
J035,R4,false
J036,R1,real
J036,R2,real
J036,R3,real
J036,R4,real
J037,R1,real
J037,R2,real
J037,R3,real
J037,R4,real
J038,R1,real
J038,R2,real
J038,R3,real
J038,R4,real
J039,R1,real
J039,R2,real
J039,R3,real
J039,R4,uncertain
J040,R1,real
J040,R2,real
J040,R3,real
J040,R4,real
J041,R1,real
J041,R2,real
J041,R3,real
J041,R4,real
J042,R1,real
J042,R2,real
J042,R3,real
J042,R4,real
J043,R1,uncertain
J043,R2,false
J043,R3,false
J043,R4,false
J044,R1,real
J044,R2,real
J044,R3,real
J044,R4,real
J045,R1,real
J045,R2,real
J045,R3,real
J045,R4,real
J046,R1,real
J046,R2,real
J046,R3,real
J046,R4,real
J047,R1,real
J047,R2,uncertain
J047,R3,uncertain
J047,R4,uncertain
J048,R1,real
J048,R2,real
J048,R3,real
J048,R4,real
J049,R1,real
J049,R2,real
J049,R3,real
J049,R4,uncertain
J050,R1,real
J050,R2,real
J050,R3,real
J050,R4,real
J051,R1,real
J051,R2,real
J051,R3,real
J051,R4,real
J052,R1,real
J052,R2,real
J052,R3,real
J052,R4,uncertain
J053,R1,real
J053,R2,real
J053,R3,real
J053,R4,real
J054,R1,real
J054,R2,real
J054,R3,real
J054,R4,real
J055,R1,real
J055,R2,real
J055,R3,real
J055,R4,real
J056,R1,real
J056,R2,real
J056,R3,real
J056,R4,real
J057,R1,real
J057,R2,uncertain
J057,R3,real
J057,R4,uncertain
J058,R1,real
J058,R2,real
J058,R3,real
J058,R4,uncertain
J059,R1,real
J059,R2,real
J059,R3,real
J059,R4,real
J060,R1,real
J060,R2,real
J060,R3,real
J060,R4,uncertain
J061,R1,real
J061,R2,real
J061,R3,real
J061,R4,real
J062,R1,real
J062,R2,real
J062,R3,real
J062,R4,uncertain
J063,R1,real
J063,R2,false
J063,R3,uncertain
J063,R4,false
J064,R1,real
J064,R2,real
J064,R3,real
J064,R4,uncertain
J065,R1,real
J065,R2,real
J065,R3,real
J065,R4,real
J066,R1,real
J066,R2,real
J066,R3,real
J066,R4,real
J067,R1,real
J067,R2,real
J067,R3,real
J067,R4,uncertain
J068,R1,real
J068,R2,real
J068,R3,real
J068,R4,real
J069,R1,uncertain
J069,R2,uncertain
J069,R3,false
J069,R4,false
J070,R1,real
J070,R2,real
J070,R3,real
J070,R4,uncertain
J071,R1,real
J071,R2,real
J071,R3,real
J071,R4,real
J072,R1,real
J072,R2,real
J072,R3,real
J072,R4,uncertain
J073,R1,real
J073,R2,real
J073,R3,real
J073,R4,real
J074,R1,real
J074,R2,uncertain
J074,R3,uncertain
J074,R4,uncertain
J075,R1,real
J075,R2,real
J075,R3,real
J075,R4,real
J076,R1,uncertain
J076,R2,real
J076,R3,real
J076,R4,real
J077,R1,real
J077,R2,uncertain
J077,R3,uncertain
J077,R4,false
J078,R1,uncertain
J078,R2,false
J078,R3,false
J078,R4,false
J079,R1,real
J079,R2,real
J079,R3,real
J079,R4,real
J080,R1,real
J080,R2,false
J080,R3,real
J080,R4,uncertain
J081,R1,uncertain
J081,R2,false
J081,R3,false
J081,R4,false
J082,R1,real
J082,R2,real
J082,R3,real
J082,R4,real
J083,R1,real
J083,R2,real
J083,R3,real
J083,R4,real
J084,R1,real
J084,R2,real
J084,R3,real
J084,R4,real
J085,R1,real
J085,R2,real
J085,R3,real
J085,R4,real
J086,R1,real
J086,R2,false
J086,R3,uncertain
J086,R4,uncertain
J087,R1,real
J087,R2,real
J087,R3,real
J087,R4,real
J088,R1,real
J088,R2,false
J088,R3,false
J088,R4,false
J089,R1,real
J089,R2,real
J089,R3,uncertain
J089,R4,real
J090,R1,real
J090,R2,real
J090,R3,real
J090,R4,real
J091,R1,real
J091,R2,real
J091,R3,real
J091,R4,real
J092,R1,real
J092,R2,uncertain
J092,R3,real
J092,R4,uncertain
J093,R1,real
J093,R2,uncertain
J093,R3,real
J093,R4,uncertain
J094,R1,real
J094,R2,real
J094,R3,real
J094,R4,uncertain
J095,R1,real
J095,R2,real
J095,R3,real
J095,R4,real
J096,R1,uncertain
J096,R2,false
J096,R3,false
J096,R4,false
J097,R1,real
J097,R2,real
J097,R3,real
J097,R4,uncertain
J098,R1,real
J098,R2,real
J098,R3,real
J098,R4,uncertain
J099,R1,real
J099,R2,real
J099,R3,real
J099,R4,uncertain
J100,R1,real
J100,R2,real
J100,R3,real
J100,R4,real
J101,R1,real
J101,R2,real
J101,R3,real
J101,R4,uncertain
J102,R1,real
J102,R2,uncertain
J102,R3,false
J102,R4,false
J103,R1,real
J103,R2,real
J103,R3,real
J103,R4,real
J104,R1,uncertain
J104,R2,false
J104,R3,false
J104,R4,false
J105,R1,real
J105,R2,real
J105,R3,real
J105,R4,real
J106,R1,false
J106,R2,false
J106,R3,false
J106,R4,false
J107,R1,real
J107,R2,real
J107,R3,uncertain
J107,R4,uncertain
J108,R1,uncertain
J108,R2,false
J108,R3,false
J108,R4,false
J109,R1,real
J109,R2,real
J109,R3,uncertain
J109,R4,uncertain
J110,R1,real
J110,R2,real
J110,R3,real
J110,R4,real
J111,R1,real
J111,R2,real
J111,R3,real
J111,R4,real
J112,R1,false
J112,R2,false
J112,R3,false
J112,R4,uncertain
J113,R1,real
J113,R2,real
J113,R3,real
J113,R4,real
J114,R1,real
J114,R2,real
J114,R3,real
J114,R4,real
J115,R1,uncertain
J115,R2,false
J115,R3,false
J115,R4,false
J116,R1,real
J116,R2,uncertain
J116,R3,false
J116,R4,false
J117,R1,real
J117,R2,real
J117,R3,real
J117,R4,real
J118,R1,real
J118,R2,real
J118,R3,real
J118,R4,real
J119,R1,real
J119,R2,uncertain
J119,R3,uncertain
J119,R4,uncertain
J120,R1,uncertain
J120,R2,false
J120,R3,false
J120,R4,false
J121,R1,real
J121,R2,real
J121,R3,real
J121,R4,uncertain
J122,R1,real
J122,R2,real
J122,R3,uncertain
J122,R4,uncertain
J123,R1,real
J123,R2,real
J123,R3,real
J123,R4,uncertain
J124,R1,real
J124,R2,real
J124,R3,real
J124,R4,real
J125,R1,real
J125,R2,real
J125,R3,real
J125,R4,real
J126,R1,real
J126,R2,real
J126,R3,real
J126,R4,uncertain
J127,R1,real
J127,R2,real
J127,R3,real
J127,R4,real
J128,R1,real
J128,R2,uncertain
J128,R3,false
J128,R4,uncertain
J129,R1,real
J129,R2,real
J129,R3,real
J129,R4,real
J130,R1,real
J130,R2,real
J130,R3,real
J130,R4,real
J131,R1,real
J131,R2,real
J131,R3,real
J131,R4,real
J132,R1,real
J132,R2,real
J132,R3,real
J132,R4,uncertain
J133,R1,real
J133,R2,uncertain
J133,R3,real
J133,R4,real
J134,R1,uncertain
J134,R2,false
J134,R3,false
J134,R4,false
J135,R1,real
J135,R2,real
J135,R3,real
J135,R4,uncertain
J136,R1,real
J136,R2,real
J136,R3,false
J136,R4,uncertain
J137,R1,real
J137,R2,uncertain
J137,R3,uncertain
J137,R4,uncertain
J138,R1,real
J138,R2,real
J138,R3,real
J138,R4,real
J139,R1,real
J139,R2,real
J139,R3,real
J139,R4,real
J140,R1,real
J140,R2,real
J140,R3,false
J140,R4,false
J141,R1,real
J141,R2,real
J141,R3,real
J141,R4,uncertain
J142,R1,real
J142,R2,real
J142,R3,real
J142,R4,uncertain
J143,R1,real
J143,R2,real
J143,R3,uncertain
J143,R4,uncertain
J144,R1,real
J144,R2,real
J144,R3,real
J144,R4,real
J145,R1,real
J145,R2,real
J145,R3,real
J145,R4,uncertain
J146,R1,real
J146,R2,real
J146,R3,real
J146,R4,real
J147,R1,real
J147,R2,real
J147,R3,real
J147,R4,real
J148,R1,real
J148,R2,real
J148,R3,uncertain
J148,R4,uncertain
J149,R1,real
J149,R2,real
J149,R3,real
J149,R4,real
J150,R1,real
J150,R2,real
J150,R3,real
J150,R4,uncertain
J151,R1,real
J151,R2,real
J151,R3,real
J151,R4,real
J152,R1,real
J152,R2,real
J152,R3,real
J152,R4,real
J153,R1,real
J153,R2,real
J153,R3,real
J153,R4,uncertain
J154,R1,real
J154,R2,real
J154,R3,real
J154,R4,real
J155,R1,real
J155,R2,real
J155,R3,uncertain
J155,R4,uncertain
J156,R1,real
J156,R2,real
J156,R3,real
J156,R4,uncertain
J157,R1,real
J157,R2,false
J157,R3,uncertain
J157,R4,false
J158,R1,real
J158,R2,real
J158,R3,uncertain
J158,R4,uncertain
J159,R1,real
J159,R2,real
J159,R3,real
J159,R4,false
J160,R1,real
J160,R2,uncertain
J160,R3,false
J160,R4,uncertain
J161,R1,real
J161,R2,real
J161,R3,real
J161,R4,real
J162,R1,real
J162,R2,false
J162,R3,false
J162,R4,false
J163,R1,real
J163,R2,real
J163,R3,real
J163,R4,real
J164,R1,real
J164,R2,uncertain
J164,R3,false
J164,R4,uncertain
J165,R1,uncertain
J165,R2,false
J165,R3,false
J165,R4,false
J166,R1,real
J166,R2,real
J166,R3,real
J166,R4,real
J167,R1,real
J167,R2,real
J167,R3,real
J167,R4,uncertain
J168,R1,real
J168,R2,real
J168,R3,real
J168,R4,real
J169,R1,real
J169,R2,real
J169,R3,real
J169,R4,real
J170,R1,real
J170,R2,real
J170,R3,real
J170,R4,real
J171,R1,real
J171,R2,real
J171,R3,real
J171,R4,uncertain
J172,R1,real
J172,R2,real
J172,R3,real
J172,R4,real
J173,R1,real
J173,R2,real
J173,R3,real
J173,R4,real
J174,R1,real
J174,R2,real
J174,R3,uncertain
J174,R4,uncertain
J175,R1,real
J175,R2,real
J175,R3,uncertain
J175,R4,uncertain
J176,R1,real
J176,R2,real
J176,R3,real
J176,R4,real
J177,R1,uncertain
J177,R2,false
J177,R3,false
J177,R4,false
J178,R1,real
J178,R2,uncertain
J178,R3,false
J178,R4,uncertain
J179,R1,real
J179,R2,real
J179,R3,real
J179,R4,real
J180,R1,real
J180,R2,uncertain
J180,R3,real
J180,R4,real
J181,R1,real
J181,R2,uncertain
J181,R3,false
J181,R4,uncertain
J182,R1,real
J182,R2,real
J182,R3,real
J182,R4,real
J183,R1,real
J183,R2,uncertain
J183,R3,real
J183,R4,uncertain
J184,R1,uncertain
J184,R2,real
J184,R3,real
J184,R4,false
J185,R1,real
J185,R2,real
J185,R3,real
J185,R4,real
J186,R1,real
J186,R2,uncertain
J186,R3,false
J186,R4,uncertain
J187,R1,real
J187,R2,uncertain
J187,R3,uncertain
J187,R4,uncertain
J188,R1,real
J188,R2,real
J188,R3,real
J188,R4,real
J189,R1,real
J189,R2,real
J189,R3,real
J189,R4,real
J190,R1,uncertain
J190,R2,false
J190,R3,false
J190,R4,uncertain
J191,R1,real
J191,R2,real
J191,R3,real
J191,R4,real
J192,R1,real
J192,R2,real
J192,R3,real
J192,R4,uncertain
J193,R1,real
J193,R2,real
J193,R3,uncertain
J193,R4,real
J194,R1,real
J194,R2,real
J194,R3,real
J194,R4,real
J195,R1,real
J195,R2,real
J195,R3,uncertain
J195,R4,uncertain
J196,R1,real
J196,R2,uncertain
J196,R3,real
J196,R4,uncertain
J197,R1,real
J197,R2,real
J197,R3,real
J197,R4,real
J198,R1,real
J198,R2,real
J198,R3,real
J198,R4,uncertain
J199,R1,real
J199,R2,real
J199,R3,uncertain
J199,R4,uncertain
J200,R1,real
J200,R2,real
J200,R3,real
J200,R4,uncertain
