panel_id,event_id,source_catalog,time,lat,lon,dep,n_pha_total,n_sta,moveout_rms,az_gap,sec_az_gap,dist_nearest_sta_km,mag
J001,22347,catalog1,1475865954.205,36.44531,141.04775,38.91,27,20,0.5593613421672176,214.0,50.80000000000001,39.455,0.87
J002,157836,catalog1,1496537714.302,39.67164,141.41719,74.159,19,15,0.3883315187067007,144.2,79.2,15.805,1.72
J003,238921,catalog1,1512307995.06,33.88975,140.74084,49.958,8,5,0.4945596526203891,242.7,59.400000000000034,37.439,1.6
J004,450356,catalog1,1561830535.368,35.61933,141.35995,12.781,48,32,0.5162378126083623,59.2,55.30000000000001,18.594,1.11
J005,20699,catalog1,1475492314.652,39.19111,142.46999,27.743,60,34,0.3418489432483301,64.49999999999999,55.5,28.391,0.75
J006,205391,catalog1,1505154305.389,36.8194,140.51748,6.194,7,5,0.2644422702324919,168.8,56.4,5.777,-0.84
J007,358240,catalog1,1538589170.761,37.76811,140.05239,8.087,115,68,0.5997116553521512,44.400000000000034,19.0,14.406,0.99
J008,199683,catalog1,1504062669.924,42.82618,141.47919,10.015,30,22,0.7514415923188353,78.7,29.4,3.51,0.99
J009,216662,catalog1,1507330050.365,37.24507,141.43293,15.966,9,5,0.2290310507818148,146.10000000000002,113.8,13.72,0.14
J010,358782,catalog1,1538715987.621,39.46701,142.47528,15.085,7,5,0.3397427598303499,123.0,116.7,2.294,0.02
J011,219795,catalog1,1507972672.314,41.46745,141.31936,127.973,99,87,0.5350992638961694,16.100000000000023,13.299999999999995,13.512,2.46
J012,536705,catalog1,1585506703.295,37.36817,141.96915,22.513,31,25,0.6912638728701825,83.4,67.7,28.228,1.36
J013,222218,catalog1,1508493463.811,38.171,141.23712,65.18,19,11,0.2682230022711855,254.6,52.099999999999994,25.369,1.48
J014,175922,catalog1,1499974697.2870002,40.0308,141.90657,28.139,97,61,0.5504123103094681,47.30000000000001,39.400000000000006,4.764,1.11
J015,615221,catalog2,1624250464.169,36.77984,140.55118,3.735,12,9,0.3771288462404681,130.8,78.80000000000001,2.762,0.02
J016,91374,catalog1,1484938019.7580001,34.42189,140.55047,44.838,12,9,0.526542179380405,113.70000000000005,57.599999999999966,21.884,1.85
J017,181623,catalog1,1501001856.7459998,37.37526,141.58248,45.274,13,11,0.7364131365560419,202.70000000000005,74.6,8.353,1.72
J018,243526,catalog1,1513223775.257,39.3874,140.94305,95.888,65,48,0.2525276222515074,45.0,25.200000000000017,9.191,1.48
J019,214494,catalog1,1506965837.848,38.27887,142.21229,33.142,32,20,0.4109313735284762,206.1,50.0,34.739,1.24
J020,559761,catalog1,1591551620.0140002,36.29474,140.51901,55.53,41,27,0.2443176660645306,118.6,39.5,7.936,0.63
J021,101024,catalog1,1486372872.16,37.28584,141.48809,15.808,22,16,0.4199705076225321,117.8,85.90000000000003,7.544,0.99
J022,209769,catalog1,1506051462.2289999,36.78789,140.54269,11.229,90,53,0.6048677633260935,98.2,18.4,3.016,0.99
J023,55644,catalog1,1480998124.091,40.43818,142.98325,30.563,31,24,0.526956722223727,48.8,47.400000000000034,9.427,1.6
J024,557642,catalog1,1591009125.121,39.63129,143.52538,15.713,35,26,0.7441626934251101,65.0,32.599999999999994,14.877,1.48
J025,42003,catalog1,1479916135.401,37.42319,141.566,4.43,69,45,0.6104283955444377,63.599999999999994,57.900000000000006,13.62,1.36
J026,293580,catalog1,1524651986.375,38.58964,140.55826,159.947,59,52,0.5595893470109448,54.80000000000001,53.900000000000006,15.545,2.7
J027,505016,catalog1,1576473582.915,40.24876,143.25352,4.829,16,12,0.438087676726931,63.30000000000001,52.099999999999966,20.076,0.75
J028,320823,catalog1,1530779321.313,35.8376,140.96425,5.173,12,8,0.6087567248088517,180.9,99.89999999999998,10.403,0.5
J029,469717,catalog1,1566682818.1729999,37.5928,141.45173,78.436,25,20,0.3513961866611532,56.5,54.900000000000006,19.898,1.11
J030,86291,catalog1,1484259637.203,36.22338,143.43716,43.151,83,59,0.8129833946643682,239.40000000000003,9.300000000000011,76.036,3.07
J031,537661,catalog1,1585765467.803,39.58788,142.30025,36.589,22,17,0.2320789442487973,160.90000000000003,86.5,20.411,0.87
J032,413285,catalog1,1552748425.225,37.2108,141.8568,37.008,29,20,0.5777462454555036,72.19999999999999,53.80000000000001,27.24,0.75
J033,522558,catalog1,1581350369.579,36.7996,140.535,5.579,7,5,0.3971458889915104,174.79999999999995,77.19999999999999,3.604,-0.35
J034,608036,catalog2,1622429645.368,39.14208,141.25345,5.415,27,19,0.3977698943973625,128.40000000000003,43.7,12.715,0.14
J035,130993,catalog1,1491478616.675,42.85334,143.59967,24.792,7,4,0.2953639401532576,145.7,120.7,10.647,-0.11
J036,125878,catalog1,1490604041.911,36.95345,143.5872,50.005,12,10,0.5124499162519852,228.0,53.79999999999998,54.848,1.48
J037,30205,catalog1,1477694188.076,35.65252,140.07343,69.908,99,60,0.4626553683888148,29.899999999999977,27.19999999999999,19.307,2.09
J038,76256,catalog1,1483275867.3769999,36.82714,140.58194,5.608,121,66,0.6351833925322358,87.19999999999999,31.800000000000004,3.549,0.87
J039,473273,catalog1,1567515554.3409998,43.13601,144.33637,128.054,25,19,0.5108169535166193,68.5,45.7,0.717,1.6
J040,505757,catalog1,1576670056.299,43.29825,145.84964,110.697,132,118,0.7172482875968448,243.2,19.30000000000001,43.557,5.26
J041,184301,catalog1,1501500446.381,38.92158,140.86063,6.556,117,70,0.6919135117139336,35.0,19.600000000000023,4.304,0.87
J042,291134,catalog1,1524101302.8979998,36.78108,140.60435,4.609,33,24,0.5955676436659552,134.39999999999998,27.69999999999999,3.072,0.38
J043,544488,catalog1,1587663904.908,36.72753,140.98582,43.686,12,7,0.1377636865553957,287.40000000000003,18.399999999999977,34.12,0.38
J044,227367,catalog1,1509731261.613,38.55351,141.72156,53.733,75,47,0.441357224932367,72.60000000000001,40.4,20.3,1.48
J045,547384,catalog1,1588400234.5379999,37.16269,140.49756,5.145,93,69,0.6999544378413237,25.10000000000001,21.59999999999999,9.75,1.48
J046,408385,catalog1,1551460601.2940001,36.60718,141.54231,30.158,116,79,0.6900461004089908,28.499999999999982,28.0,6.391,2.21
J047,107364,catalog1,1487404774.217,36.82369,140.54562,4.136,13,11,0.4587280072280137,83.1,59.299999999999955,4.075,-0.23
J048,620158,catalog2,1625573660.283,37.67222,141.73674,49.036,129,76,0.4395446904283123,35.69999999999999,33.3,8.918,1.6
J049,194993,catalog1,1503289874.829,36.80821,140.56324,7.735,15,13,0.1605019210684615,97.6,65.70000000000005,1.75,-0.11
J050,176936,catalog1,1500159582.755,42.79686,141.87138,25.432,68,55,0.654762889278608,27.7,24.2,9.977,3.68
J051,441347,catalog1,1559615068.02,38.9342,141.23921,3.78,56,40,0.5449753762458316,75.0,35.099999999999966,3.085,0.5
J052,176790,catalog1,1500135521.956,38.54104,144.32997,28.79,21,16,0.6257687843193933,111.0,89.3,11.832,1.24
J053,718,catalog1,1471285446.915,37.06664,140.74777,9.082,166,111,0.677837067709819,24.90000000000001,23.700000000000003,6.197,3.43
J054,449936,catalog1,1561722118.108,34.20227,141.44544,31.0,12,9,0.7167625129706491,82.29999999999998,66.40000000000003,10.303,1.97
J055,207928,catalog1,1505649069.609,37.08582,141.10929,46.411,62,34,0.4698338587614878,78.30000000000001,73.19999999999999,14.0,1.6
J056,205350,catalog1,1505147633.196,43.30036,145.31219,78.431,31,24,0.4803549426910708,130.2,73.6,9.942,1.6
J057,171383,catalog1,1499176684.1660001,37.41731,141.61034,7.509,19,15,0.6716797482509996,108.39999999999998,71.99999999999999,13.418,0.5
J058,205569,catalog1,1505184763.616,39.51426,140.42437,9.27,59,52,0.5392689653124428,50.79999999999998,40.30000000000001,7.447,1.72
J059,132802,catalog1,1491820989.626,41.46443,142.97313,30.489,12,9,0.6259862884547339,89.1,88.0,13.265,0.5
J060,41537,catalog1,1479890219.0979998,37.21949,141.51452,19.436,106,82,0.7862964717645844,42.400000000000006,30.90000000000001,10.305,2.21
J061,115387,catalog1,1488727239.292,36.3699,141.03673,32.403,15,12,0.3718063115835089,289.79999999999995,10.199999999999989,37.425,0.5
J062,88975,catalog1,1484606679.3409998,37.21633,141.43861,22.97,51,34,0.5814885057788686,61.60000000000001,53.10000000000001,14.724,1.48
J063,211120,catalog1,1506320097.1299999,35.54054,140.95951,12.374,20,14,0.4918266971200323,140.8,40.19999999999999,20.759,0.75
J064,403252,catalog1,1550240725.0049999,37.34182,141.87417,21.254,64,42,0.7566451447012662,43.0,35.5,33.293,1.11
J065,235410,catalog1,1511541122.486,37.03072,140.51245,7.995,34,26,0.3043003547194005,49.3,36.19999999999999,7.59,0.14
J066,505996,catalog1,1576731141.111,36.03967,140.87098,21.804,107,70,0.5612896032277711,32.69999999999999,21.59999999999999,22.861,1.97
J067,491312,catalog1,1572616074.281,35.9939,141.55222,36.851,99,76,0.4916756034113335,24.90000000000001,21.59999999999999,9.576,2.09
J068,552367,catalog1,1589611918.268,36.00238,141.40693,24.492,12,10,0.2524739260464995,95.90000000000003,61.30000000000001,12.121,0.75
J069,406660,catalog1,1551036895.313,38.85431,142.03135,40.887,13,10,0.4239074645032079,195.3,55.599999999999994,34.936,0.75
J070,394194,catalog1,1547642509.379,37.22943,141.32131,8.156,8,5,0.4771811762842285,188.7,79.9,15.504,1.6
J071,194944,catalog1,1503279996.554,36.97695,140.33303,4.764,64,48,0.2615569369181402,25.30000000000001,22.60000000000001,9.603,0.63
J072,288264,catalog1,1523453363.4060001,37.56804,141.93776,37.775,47,33,0.5894744684345287,81.1,38.5,15.691,1.36
J073,222196,catalog1,1508488161.552,37.97212,143.97835,29.21,29,19,0.7403325673944295,75.4,52.89999999999998,22.736,1.24
J074,400544,catalog1,1549483662.8860002,37.36562,141.94778,24.766,11,7,0.4177081408221426,111.20000000000002,81.4,11.522,0.5
J075,175647,catalog1,1499928116.8700001,37.08572,141.33727,12.627,29,20,0.5294700017551709,70.19999999999999,68.5,3.142,0.87
J076,587810,catalog2,1617259568.6019998,37.6855,141.68631,51.83,32,27,0.4109185594494364,60.599999999999994,35.00000000000001,4.25,1.24
J077,63684,catalog1,1481982120.738,37.14149,141.33066,11.948,15,10,0.1860917336512649,84.6,76.60000000000002,6.221,0.87
J078,274238,catalog1,1520241462.035,35.66413,140.69286,21.708,17,12,0.2378060257486192,172.7,40.4,14.116,0.75
J079,49645,catalog1,1480426712.245,37.47452,141.37683,19.656,122,85,0.8649162425098612,66.9,32.70000000000002,25.867,3.55
J080,59735,catalog1,1481476930.1379998,35.87333,140.92314,16.36,12,8,0.3230866756769768,249.09999999999997,43.5,17.897,0.14
J081,407387,catalog1,1551209877.324,40.02027,142.10358,26.872,14,10,0.2729055304889011,251.09999999999997,29.100000000000023,34.199,0.38
J082,595716,catalog2,1619285082.965,36.35269,140.94476,38.646,35,25,0.3105066366900576,152.20000000000005,98.1,29.188,0.75
J083,14788,catalog1,1474211969.292,36.14216,140.09179,65.903,33,25,0.2547000612723153,60.10000000000002,41.70000000000002,7.946,1.11
J084,75991,catalog1,1483255515.1569998,36.00904,139.93902,39.993,80,44,0.3561443527560137,62.00000000000003,49.79999999999998,12.197,1.36
J085,526143,catalog1,1582321377.552,36.26782,141.03535,25.153,11,8,0.1692053620469946,175.10000000000002,116.5,20.33,0.63
J086,560196,catalog1,1591668654.216,38.7361,141.56996,52.546,28,22,0.5832869913564971,152.8,36.19999999999999,11.82,1.36
J087,492160,catalog1,1572837171.624,38.97793,141.25015,4.087,31,22,0.3509204946257586,62.19999999999999,57.80000000000001,3.81,0.14
J088,64202,catalog1,1482050054.7500002,36.01294,139.59358,17.3,10,7,0.3353881333619303,224.00000000000003,38.599999999999994,15.785,0.02
J089,200716,catalog1,1504275396.075,36.45344,140.91101,32.046,21,14,0.323884532628822,151.70000000000005,121.20000000000002,27.973,0.87
J090,487607,catalog1,1571440044.6590002,36.81815,141.6855,31.007,23,16,0.5682538853900337,74.29999999999998,62.400000000000006,22.725,1.24
J091,109176,catalog1,1487714066.7489998,38.37102,142.13308,30.33,96,61,0.6061332361783175,39.7,31.09999999999999,24.778,1.97
J092,352522,catalog1,1537352066.4,36.78392,140.66736,1.651,6,3,0.2825449816695859,232.3,75.0,8.339,-1.45
J093,191984,catalog1,1502750379.967,43.01376,140.98354,4.749,7,5,0.1702884108127821,181.3,62.400000000000006,14.641,-0.23
J094,151439,catalog1,1495181983.5089998,39.90649,140.82984,5.738,11,8,0.8713438419528142,183.00000000000003,80.6,10.416,0.63
J095,343503,catalog1,1535961714.6169999,34.16429,140.11896,38.319,15,9,0.8071171744755115,153.4,57.099999999999966,12.771,1.36
J096,456059,catalog1,1563225352.502,39.88492,143.22676,16.876,8,6,0.5889918293151442,135.79999999999998,74.1,22.727,0.14
J097,231786,catalog1,1510677382.09,35.77584,140.85078,9.283,56,31,0.6837580372993275,53.0,31.39999999999999,5.259,0.87
J098,93237,catalog1,1485217988.517,36.69138,140.66554,3.254,30,25,0.7236884458568249,195.0,20.09999999999997,10.463,0.75
J099,432325,catalog1,1557413045.8009999,39.92124,142.46566,18.914,73,44,0.539101154510469,47.900000000000034,29.90000000000003,22.726,0.87
J100,3191,catalog1,1471738932.369,36.74341,140.24451,91.637,92,64,0.477302269554356,34.60000000000002,21.399999999999977,6.012,2.09
J101,290791,catalog1,1524029090.901,37.25693,141.43111,16.26,28,18,0.4591955699139218,77.4,56.70000000000002,13.331,0.87
J102,393162,catalog1,1547395333.006,36.45749,140.64198,0.136,6,4,0.4300344947404413,222.40000000000003,57.10000000000002,13.885,0.14
J103,60516,catalog1,1481571680.901,37.26105,141.33374,7.061,38,30,0.4348512147244944,164.6,74.19999999999999,21.509,0.99
J104,93433,catalog1,1485247979.0819998,36.70147,140.64237,3.702,12,8,0.3098866728337958,212.3,34.5,8.453,-0.47
J105,380706,catalog1,1544100899.704,41.95272,142.22335,65.435,172,123,0.6272800457642133,40.39999999999999,20.0,43.376,3.43
J106,146516,catalog1,1494231538.66,37.05787,140.7071,13.862,24,20,0.8209235145046502,108.0,46.099999999999994,5.436,0.5
J107,140605,catalog1,1493233347.293,37.16606,141.41246,33.427,7,5,0.1933265187633162,187.3,117.5,20.523,0.38
J108,440786,catalog1,1559484049.686,37.70414,142.50219,14.076,9,5,0.1110900535601635,123.10000000000002,110.3,15.642,-0.35
J109,296396,catalog1,1525297070.894,39.89293,142.39191,41.778,19,14,0.4195578499726637,71.9,56.6,17.524,0.87
J110,126715,catalog1,1490743701.12,37.26573,141.36952,15.616,98,65,0.5258394066943377,40.80000000000001,35.599999999999994,18.297,1.6
J111,254653,catalog1,1515722972.7089999,36.80237,140.54994,8.478,98,58,0.5824350274704378,39.69999999999999,30.5,2.364,1.6
J112,552333,catalog1,1589601206.952,37.81411,143.73514,19.003,11,7,0.5009020953149519,151.89999999999998,65.60000000000001,19.66,-0.11
J113,412201,catalog1,1552483184.22,39.73866,142.18877,23.527,32,24,0.4912073454764291,130.2,65.10000000000002,23.969,0.87
J114,357885,catalog1,1538520606.1569998,40.65987,142.17839,46.997,110,80,0.5991980701510372,25.59999999999999,21.40000000000001,11.535,2.33
J115,351327,catalog1,1537123478.038,41.61916,142.84826,31.075,7,4,0.268400553544245,277.1,41.80000000000001,6.625,0.38
J116,317341,catalog1,1529946343.334,36.79937,140.53322,6.678,10,7,0.27284152909702,80.30000000000001,77.10000000000001,3.759,-0.84
J117,606781,catalog2,1622131355.2910001,37.69087,141.6684,51.119,79,45,0.4436315753905985,47.69999999999999,35.2,2.603,1.36
J118,165208,catalog1,1498055871.496,38.48352,141.16026,75.946,69,42,0.2723435862756956,34.00000000000001,29.0,7.692,1.6
J119,189507,catalog1,1502312013.091,36.80721,140.56364,7.119,9,7,0.2608051635480657,149.4,96.8,1.641,-0.11
J120,582703,catalog1,1597631731.0089998,38.43731,140.49442,5.704,15,11,0.6075544968697595,72.1,71.0,9.263,0.14
J121,507890,catalog1,1577235705.508,37.48825,141.6131,46.294,46,28,0.5481329376997011,55.400000000000006,51.0,21.162,1.36
J122,399111,catalog1,1549063103.232,37.68047,141.75709,20.384,17,14,0.5213272089806261,74.09999999999997,47.599999999999994,18.619,1.6
J123,167619,catalog1,1498503712.651,36.54059,142.21929,24.517,14,11,0.6650692767352457,86.5,72.7,17.111,1.85
J124,60199,catalog1,1481539016.049,37.18545,141.36802,20.964,14,11,0.5902392372105205,305.2,12.600000000000025,43.723,0.63
J125,517955,catalog1,1580026196.268,40.80972,142.25985,86.009,26,22,0.5559552071054756,56.19999999999999,48.400000000000006,17.01,1.48
J126,271408,catalog1,1519578546.325,36.73409,140.60263,5.916,18,13,0.5061432054709857,178.20000000000002,53.60000000000002,6.701,-0.11
J127,565850,catalog1,1593175440.967,37.74384,140.05088,9.246,15,9,0.2985855544619219,102.3,92.89999999999998,12.317,0.14
J128,292829,catalog1,1524467603.911,37.5941,142.07415,9.65,8,5,0.2122642810272137,111.29999999999998,103.0,15.853,0.02
J129,79126,catalog1,1483497758.003,36.79793,140.5669,5.964,29,20,0.5260529998210158,78.9,68.9,0.774,0.02
J130,62646,catalog1,1481849205.344,39.68825,141.94284,5.352,58,44,0.414547697018628,43.599999999999994,35.10000000000002,6.922,0.63
J131,323026,catalog1,1531321883.218,36.88207,140.57414,5.723,63,37,0.6245911932857833,85.10000000000001,30.39999999999999,7.174,0.14
J132,445294,catalog1,1560647698.6780002,37.60693,140.78806,73.344,11,9,0.2329724915482122,121.7,81.30000000000001,13.576,1.6
J133,532349,catalog1,1584265657.088,34.75875,140.83366,50.55,48,35,0.6566672800335545,38.5,33.099999999999994,17.802,1.72
J134,374179,catalog1,1542378476.516,38.43526,142.31955,31.839,14,8,0.312792149152482,176.0,100.3,17.379,0.63
J135,298637,catalog1,1525797790.418,36.70716,140.58936,8.573,12,10,0.3713548392934535,175.0,51.80000000000001,4.008,-0.35
J136,181835,catalog1,1501044502.7500002,37.3628,141.69814,30.65,21,16,0.6399076198208316,79.89999999999998,53.39999999999998,18.647,0.75
J137,464540,catalog1,1565315069.4940002,37.65293,141.72181,45.545,21,14,0.5281063204642468,94.60000000000002,74.3,41.322,1.11
J138,187149,catalog1,1501877018.3409998,37.29596,141.38083,8.195,35,23,0.3075564524255205,121.3,89.79999999999998,16.885,0.75
J139,266952,catalog1,1518566897.6579998,36.97879,141.21603,55.091,139,94,0.5263145584044671,48.69999999999999,25.5,18.877,2.33
J140,269838,catalog1,1519231001.1230001,38.41908,142.20137,14.056,35,24,0.5334407719164866,272.80000000000007,11.800000000000011,52.771,1.24
J141,102133,catalog1,1486537369.4899998,37.19382,141.27329,17.145,19,14,0.2754040094498492,96.8,92.6,28.965,0.87
J142,216021,catalog1,1507238194.6780002,38.74936,144.83152,33.665,29,24,0.7700371016587672,230.0,21.30000000000001,35.459,1.97
J143,407866,catalog1,1551328992.279,39.11202,142.35938,27.66,29,20,0.2000100859525804,66.8,56.900000000000006,22.514,0.87
J144,341590,catalog1,1535511031.94,39.15342,141.59525,7.266,43,30,0.3279112543016393,54.0,43.599999999999994,9.834,0.5
J145,419673,catalog1,1554332346.318,36.67545,140.59442,8.703,11,8,0.2840705738176535,230.1,46.60000000000002,4.513,-0.59
J146,13179,catalog1,1473857668.9350002,39.47514,141.89444,65.807,176,129,0.568095787577796,26.700000000000003,24.0,3.422,2.82
J147,329176,catalog1,1532813000.33,39.32303,144.93807,36.835,40,33,0.7493186738631301,202.6,31.19999999999999,46.109,2.09
J148,305509,catalog1,1527361469.0049999,36.87224,140.56051,0.015,9,7,0.6741916971043506,188.8,103.5,8.598,-0.23
J149,162336,catalog1,1497466590.468,39.95673,140.60305,3.733,23,17,0.4075850404730174,76.0,70.69999999999999,10.039,-0.11
J150,42594,catalog1,1479948982.211,37.19045,141.38238,14.571,58,53,0.8437601187132717,84.89999999999999,40.2,20.735,2.33
J151,211564,catalog1,1506418824.05,36.8086,140.57966,7.166,40,24,0.4520722287422664,136.1,63.099999999999966,1.495,0.26
J152,526597,catalog1,1582455628.604,36.77998,140.56877,6.881,16,12,0.2834571175680723,146.60000000000002,78.30000000000001,1.826,-0.23
J153,148640,catalog1,1494620774.4540002,37.20809,142.19002,24.359,71,52,0.7202034728141216,36.900000000000006,33.49999999999999,1.87,1.85
J154,493620,catalog1,1573284039.1859999,38.15748,141.71878,49.921,213,160,0.5461890461904227,26.5,21.40000000000001,15.229,4.28
J155,481521,catalog1,1569690040.6590002,43.08357,146.20951,35.524,16,11,0.4982469894540257,228.69999999999993,43.89999999999998,49.773,1.72
J156,104552,catalog1,1486914878.329,36.73205,140.61212,5.999,28,17,0.3563284500088567,166.20000000000002,31.30000000000001,7.195,0.02
J157,58276,catalog1,1481305437.328,37.24306,141.52766,14.316,14,10,0.4505328591155779,174.8,59.099999999999966,7.456,0.75
J158,610509,catalog2,1623120970.866,34.58735,140.21871,58.064,5,3,0.1201349241478097,246.20000000000005,99.50000000000004,13.346,0.75
J159,426830,catalog1,1556046223.593,40.86563,143.4915,20.494,7,5,0.3399340272128444,123.2,101.39999999999998,12.563,-0.11
J160,198730,catalog1,1503893752.4780002,35.41044,140.19563,30.098,7,4,0.075213980463361,311.1,25.200000000000017,14.269,0.5
J161,12640,catalog1,1473740383.705,38.35295,142.21745,16.993,16,13,0.4783165792652393,63.19999999999999,55.0,26.594,0.75
J162,514543,catalog1,1579071410.3,40.44366,141.52348,4.975,23,18,0.4241747486488373,152.90000000000003,41.30000000000001,5.657,0.38
J163,471062,catalog1,1566987907.1420002,43.36719,142.75882,2.131,12,8,0.1967017624052548,143.59999999999997,65.39999999999998,12.956,-0.11
J164,518323,catalog1,1580119404.6019998,36.93245,142.19239,16.215,16,12,0.4310403838389159,75.19999999999999,54.900000000000006,28.079,0.75
J165,448671,catalog1,1561425611.4889998,36.34828,139.96043,79.167,60,34,0.3153051167784416,49.29999999999998,33.099999999999966,10.861,1.48
J166,486528,catalog1,1571147908.052,36.06569,141.10991,33.136,118,76,0.5532318145930928,35.69999999999999,28.80000000000001,19.42,1.97
J167,521381,catalog1,1581066524.5049999,39.97855,140.55829,4.634,23,15,0.6548236403796064,73.6,54.80000000000001,12.894,0.26
J168,565829,catalog1,1593171836.319,36.78708,140.53801,11.337,26,21,0.4824301862605455,97.1,31.09999999999999,3.443,0.14
J169,427041,catalog1,1556099899.3630002,36.99651,141.32394,22.593,77,46,0.6012116553639447,53.79999999999998,47.400000000000006,11.73,1.36
J170,409445,catalog1,1551746055.0300002,38.6433,141.6862,56.237,91,54,0.4590276751933445,49.5,41.099999999999994,22.875,1.72
J171,517049,catalog1,1579780142.2380002,40.00059,140.53845,4.361,11,8,0.242580071129289,120.09999999999997,75.50000000000001,11.343,-0.47
J172,241476,catalog1,1512826860.1590002,35.956,139.83326,74.452,29,20,0.2635767244184744,161.0,69.5,9.366,1.11
J173,323900,catalog1,1531572261.405,37.03073,141.13913,17.462,70,46,0.573375643510804,86.29999999999998,62.900000000000006,15.029,0.99
J174,183260,catalog1,1501322189.018,40.03428,140.54041,2.674,8,5,0.0899833317898376,140.3,71.5,12.667,-0.35
J175,529746,catalog1,1583338463.277,43.29309,143.9324,4.841,9,5,0.4766830999498281,93.5,83.60000000000002,10.766,-0.47
J176,38602,catalog1,1479586154.24,37.46621,141.41519,29.689,56,36,0.5664908270597655,69.4,34.400000000000006,22.999,1.24
J177,372874,catalog1,1542028621.043,43.39894,143.05653,6.214,21,15,0.4450375051075819,113.60000000000002,57.30000000000001,10.092,0.38
J178,21758,catalog1,1475742492.893,37.03495,140.52667,9.114,67,41,0.4234552964123858,83.1,25.899999999999977,6.947,0.99
J179,588031,catalog2,1617304737.532,40.16712,141.17816,10.577,19,14,0.4437780384025567,63.0,42.60000000000002,9.425,-0.72
J180,102665,catalog1,1486609676.901,38.98078,141.25871,2.375,23,20,0.3909627470299662,95.70000000000005,67.80000000000001,4.587,-0.23
J181,613243,catalog2,1623726128.015,37.04068,141.14637,29.773,21,16,0.4665907761421698,178.0,89.89999999999998,28.171,0.5
J182,546482,catalog1,1588165255.8409998,36.55659,141.01122,21.138,21,16,0.2541888124622175,116.7,79.30000000000001,40.411,0.26
J183,485196,catalog1,1570684478.206,39.8306,143.06502,26.361,25,21,0.4610706236575911,44.0,40.30000000000001,11.84,0.75
J184,209432,catalog1,1505984505.223,37.23993,141.29973,8.449,12,9,0.3227332489843586,108.3,77.29999999999998,17.229,0.26
J185,297120,catalog1,1525471303.586,40.88073,142.0291,53.153,67,43,0.66167922967634,30.59999999999999,24.59999999999997,7.263,1.24
J186,283523,catalog1,1522373758.0460002,43.49904,142.81935,0.208,6,4,0.4385968156139151,259.40000000000003,43.5,20.571,0.26
J187,119490,catalog1,1489449889.8419998,36.21688,140.23358,2.665,13,11,0.3850325660552324,179.7,78.5,4.148,0.02
J188,141835,catalog1,1493444416.5310001,35.70539,140.88668,12.16,81,47,0.7803392820188718,45.599999999999966,34.80000000000001,3.165,1.6
J189,455687,catalog1,1563127381.499,37.96385,139.5878,3.355,16,11,0.5154954534232091,177.9,84.39999999999998,18.987,0.38
J190,504659,catalog1,1576394363.907,36.82116,140.4899,1.809,7,5,0.3472436361650748,201.5,52.6,8.112,0.5
J191,514793,catalog1,1579154902.832,37.42169,141.75617,48.916,22,16,0.4351250603927774,71.39999999999999,63.2,31.804,0.99
J192,50902,catalog1,1480526085.05,37.27143,141.5817,18.005,23,19,0.6270606031317867,85.80000000000001,80.89999999999998,26.408,0.99
J193,494997,catalog1,1573671914.598,37.06737,141.01968,86.944,28,19,0.227415761484178,137.0,85.5,21.536,1.36
J194,530270,catalog1,1583531121.4889998,39.05855,142.37799,24.918,89,50,0.7214019434718373,33.599999999999994,28.3,16.63,1.36
J195,212953,catalog1,1506707039.876,39.03872,142.3726,23.59,25,16,0.4201752015528761,94.8,78.4,15.184,0.75
J196,402263,catalog1,1549968701.1260002,37.48876,140.07045,145.111,111,72,0.4700321917286743,53.80000000000001,30.5,16.101,2.09
J197,10708,catalog1,1473311077.2150002,36.4969,141.09745,35.046,14,12,0.3954081074391007,108.60000000000002,94.60000000000002,40.254,0.63
J198,92314,catalog1,1485078379.597,36.77672,140.6219,4.665,13,10,0.3621136668123804,181.5,59.80000000000001,11.434,0.02
J199,25301,catalog1,1476527321.12,36.01528,140.61655,36.261,13,10,0.1611587845764352,234.2,23.5,12.492,0.38
J200,99913,catalog1,1486213717.257,36.85814,140.524,4.678,6,4,0.0826377637645162,185.2,104.5,11.919,-1.08
